-- phpMyAdmin SQL Dump
-- version 5.2.0
-- https://www.phpmyadmin.net/
--
-- Hôte : 127.0.0.1:3306
-- Généré le : mar. 07 mai 2024 à 22:10
-- Version du serveur : 5.7.40
-- Version de PHP : 8.0.26

SET SQL_MODE = "NO_AUTO_VALUE_ON_ZERO";
START TRANSACTION;
SET time_zone = "+00:00";


/*!40101 SET @OLD_CHARACTER_SET_CLIENT=@@CHARACTER_SET_CLIENT */;
/*!40101 SET @OLD_CHARACTER_SET_RESULTS=@@CHARACTER_SET_RESULTS */;
/*!40101 SET @OLD_COLLATION_CONNECTION=@@COLLATION_CONNECTION */;
/*!40101 SET NAMES utf8mb4 */;

--
-- Base de données : `gestionstock_bd`
--

-- --------------------------------------------------------

--
-- Structure de la table `client`
--

DROP TABLE IF EXISTS `client`;
CREATE TABLE IF NOT EXISTS `client` (
  `id_client` int(11) NOT NULL AUTO_INCREMENT,
  `Name` varchar(255) DEFAULT NULL,
  `Gender` varchar(25) DEFAULT NULL,
  `adresse_client` varchar(255) DEFAULT NULL,
  `email_client` varchar(55) DEFAULT NULL,
  `numero_client` varchar(25) DEFAULT NULL,
  PRIMARY KEY (`id_client`)
) ENGINE=MyISAM AUTO_INCREMENT=426 DEFAULT CHARSET=latin1;

--
-- Déchargement des données de la table `client`
--

INSERT INTO `client` (`id_client`, `Name`, `Gender`, `adresse_client`, `email_client`, `numero_client`) VALUES
(1, 'Mark Green', 'Male', NULL, NULL, NULL),
(2, 'Chukwudi Eze', 'Male', NULL, NULL, NULL),
(3, 'Babatunde Adewale', 'Male', NULL, NULL, NULL),
(4, 'Victoria Young', 'Female', NULL, NULL, NULL),
(5, 'Fanta Camara', 'Female', NULL, NULL, NULL),
(6, 'Peyton Perez', 'Female', NULL, NULL, NULL),
(7, 'Adam Scott', 'Male', NULL, NULL, NULL),
(8, 'Kyle Lewis', 'Male', NULL, NULL, NULL),
(9, 'Ngozi Eze', 'Female', NULL, NULL, NULL),
(10, 'Hudson Wilson', 'Male', NULL, NULL, NULL),
(11, 'Anna Thompson', 'Female', NULL, NULL, NULL),
(12, 'Nneka Eze', 'Female', NULL, NULL, NULL),
(13, 'Musa Abubakar', 'Male', NULL, NULL, NULL),
(14, 'Betty King', 'Female', NULL, NULL, NULL),
(15, 'Philip Robinson', 'Male', NULL, NULL, NULL),
(16, 'Sharon Simmons', 'Female', NULL, NULL, NULL),
(17, 'Idris Bello', 'Male', NULL, NULL, NULL),
(18, 'Victoria Powell', 'Female', NULL, NULL, NULL),
(19, 'Kwesi Agyei', 'Male', NULL, NULL, NULL),
(20, 'Camila Washington', 'Female', NULL, NULL, NULL),
(21, 'Adanna Nwachukwu', 'Female', NULL, NULL, NULL),
(22, 'Jabari Tetteh', 'Male', NULL, NULL, NULL),
(23, 'Mamadou Diallo', 'Male', NULL, NULL, NULL),
(24, 'Roger Hughes', 'Male', NULL, NULL, NULL),
(25, 'Chinelo Nwachukwu', 'Female', NULL, NULL, NULL),
(26, 'Sylvia Jenkins', 'Female', NULL, NULL, NULL),
(27, 'Samuel Alexander', 'Male', NULL, NULL, NULL),
(28, 'Kwaku Boateng', 'Male', NULL, NULL, NULL),
(29, 'Jerry Coleman', 'Male', NULL, NULL, NULL),
(30, 'Christopher Wilson', 'Male', NULL, NULL, NULL),
(31, 'Fatimah Ibrahim', 'Female', NULL, NULL, NULL),
(32, 'Obinna Chukwu', 'Male', NULL, NULL, NULL),
(33, 'Julia Garcia', 'Male', NULL, NULL, NULL),
(34, 'Brandon Wright', 'Male', NULL, NULL, NULL),
(35, 'Abigail Mensah', 'Female', NULL, NULL, NULL),
(36, 'Nabila Cissé', 'Female', NULL, NULL, NULL),
(37, 'Kwadwo Keita', 'Male', NULL, NULL, NULL),
(38, 'Christian Adams', 'Male', NULL, NULL, NULL),
(39, 'Julian Howard', 'Male', NULL, NULL, NULL),
(40, 'Mohammed Maalouf', 'Male', NULL, NULL, NULL),
(41, 'Aisha Ibrahim', 'Female', NULL, NULL, NULL),
(42, 'Kwame Mensah', 'Male', NULL, NULL, NULL),
(43, 'Kwaku Amponsah', 'Male', NULL, NULL, NULL),
(44, 'Nneka Nwadike', 'Female', NULL, NULL, NULL),
(45, 'Jabari Nkrumah', 'Male', NULL, NULL, NULL),
(46, 'Fatima Nkrumah', 'Female', NULL, NULL, NULL),
(47, 'Emeka Nnamdi', 'Male', NULL, NULL, NULL),
(48, 'Chinwe Okonkwo', 'Male', NULL, NULL, NULL),
(49, 'Mamoudou Keita', 'Male', NULL, NULL, NULL),
(50, 'Angela Lopez', 'Female', NULL, NULL, NULL),
(51, 'Isaac Clark', 'Male', NULL, NULL, NULL),
(52, 'Simba Moyo', 'Male', NULL, NULL, NULL),
(53, 'Daniel Phillips', 'Male', NULL, NULL, NULL),
(54, 'Ruth Foster', 'Female', NULL, NULL, NULL),
(55, 'Emily Carter', 'Female', NULL, NULL, NULL),
(56, 'Lily Morris', 'Female', NULL, NULL, NULL),
(57, 'David Bell', 'Male', NULL, NULL, NULL),
(58, 'Zoe Nelson', 'Female', NULL, NULL, NULL),
(59, 'Sekou Diop', 'Male', NULL, NULL, NULL),
(60, 'Danielle Bailey', 'Female', NULL, NULL, NULL),
(61, 'Sekou Toure', 'Male', NULL, NULL, NULL),
(62, 'Natalie Flores', 'Female', NULL, NULL, NULL),
(63, 'John Parker', 'Male', NULL, NULL, NULL),
(64, 'Hazel Miller', 'Female', NULL, NULL, NULL),
(65, 'Saidi Jalloh', 'Male', NULL, NULL, NULL),
(66, 'Joseph White', 'Male', NULL, NULL, NULL),
(67, 'Amanda Lopez', 'Female', NULL, NULL, NULL),
(68, 'Osei Bonsu', 'Male', NULL, NULL, NULL),
(69, 'Chinwe Ogbonna', 'Female', NULL, NULL, NULL),
(70, 'Chinedu Okoro', 'Male', NULL, NULL, NULL),
(71, 'Alan Diaz', 'Male', NULL, NULL, NULL),
(72, 'Michelle Howard', 'Female', NULL, NULL, NULL),
(73, 'Luke Foster', 'Male', NULL, NULL, NULL),
(74, 'Elijah Perez', 'Male', NULL, NULL, NULL),
(75, 'Julia Richardson', 'Female', NULL, NULL, NULL),
(76, 'Grace Edwards', 'Female', NULL, NULL, NULL),
(77, 'Kevin King', 'Male', NULL, NULL, NULL),
(78, 'Karen Harris', 'Female', NULL, NULL, NULL),
(79, 'Nkosi Dlamini', 'Male', NULL, NULL, NULL),
(80, 'Kwame Asante', 'Male', NULL, NULL, NULL),
(81, 'Owen Murphy', 'Male', NULL, NULL, NULL),
(82, 'Sebastian Wright', 'Male', NULL, NULL, NULL),
(83, 'Gerald Wood', 'Male', NULL, NULL, NULL),
(84, 'Adama Ba', 'Female', NULL, NULL, NULL),
(85, 'Jonathan Nelson', 'Male', NULL, NULL, NULL),
(86, 'Henry Thompson', 'Male', NULL, NULL, NULL),
(87, 'Wyatt Russell', 'Male', NULL, NULL, NULL),
(88, 'William Hernandez', 'Male', NULL, NULL, NULL),
(89, 'Fatima Keita', 'Female', NULL, NULL, NULL),
(90, 'Donna Mitchell', 'Female', NULL, NULL, NULL),
(91, 'Steven James', 'Male', NULL, NULL, NULL),
(92, 'Nabila Bah', 'Female', NULL, NULL, NULL),
(93, 'Aisha Kamau', 'Female', NULL, NULL, NULL),
(94, 'Ngozi Nwadike', 'Female', NULL, NULL, NULL),
(95, 'Grace Hughes', 'Female', NULL, NULL, NULL),
(96, 'Matthew Evans', 'Male', NULL, NULL, NULL),
(97, 'Obinna Onyeama', 'Male', NULL, NULL, NULL),
(98, 'Saidou Bah', 'Male', NULL, NULL, NULL),
(99, 'Aminata Touré', 'Female', NULL, NULL, NULL),
(100, 'Anna Mitchell', 'Female', NULL, NULL, NULL),
(101, 'Monica Perez', 'Female', NULL, NULL, NULL),
(102, 'Emeka Diop', 'Male', NULL, NULL, NULL),
(103, 'John Enrick', 'Male', NULL, NULL, NULL),
(104, 'Lindsay Young', 'Female', NULL, NULL, NULL),
(105, 'Leah Adams', 'Female', NULL, NULL, NULL),
(106, 'Sanaa Oumar', 'Female', NULL, NULL, NULL),
(107, 'Brenda Sanchez', 'Female', NULL, NULL, NULL),
(108, 'Bella Hernandez', 'Female', NULL, NULL, NULL),
(109, 'Trinity Harris', 'Female', NULL, NULL, NULL),
(110, 'Phillip Reed', 'Male', NULL, NULL, NULL),
(111, 'Binta Sow', 'Female', NULL, NULL, NULL),
(112, 'Ayodele Akinwande', 'Female', NULL, NULL, NULL),
(113, 'Joshua Allen', 'Male', NULL, NULL, NULL),
(114, 'Frances Coleman', 'Female', NULL, NULL, NULL),
(115, 'Jimmy Perry', 'Male', NULL, NULL, NULL),
(116, 'Tunde Ogunjobi', 'Male', NULL, NULL, NULL),
(117, 'Lamidi Adekunle', 'Male', NULL, NULL, NULL),
(118, 'Cody Davis', 'Male', NULL, NULL, NULL),
(119, 'Mila King', 'Female', NULL, NULL, NULL),
(120, 'Sibongile Zulu', 'Female', NULL, NULL, NULL),
(121, 'Fatoumata Diagne', 'Female', NULL, NULL, NULL),
(122, 'Lisa Rodriguez', 'Female', NULL, NULL, NULL),
(123, 'Joseph Richardson', 'Male', NULL, NULL, NULL),
(124, 'Chloe Richardson', 'Female', NULL, NULL, NULL),
(125, 'Scott Clark', 'Male', NULL, NULL, NULL),
(126, 'William Moore', 'Male', NULL, NULL, NULL),
(127, 'Edward Nelson', 'Male', NULL, NULL, NULL),
(128, 'Patrick Reed', 'Male', NULL, NULL, NULL),
(129, 'Jelani Jalloh', 'Male', NULL, NULL, NULL),
(130, 'Nicole Reed', 'Female', NULL, NULL, NULL),
(131, 'Alyssa Morris', 'Female', NULL, NULL, NULL),
(132, 'Dorothy Adams', 'Female', NULL, NULL, NULL),
(133, 'Billy Coleman', 'Male', NULL, NULL, NULL),
(134, 'Steven Collins', 'Male', NULL, NULL, NULL),
(135, 'Uzoma Okoro', 'Male', NULL, NULL, NULL),
(136, 'Nadira Touré', 'Female', NULL, NULL, NULL),
(137, 'Charles Parker', 'Male', NULL, NULL, NULL),
(138, 'Caroline Bailey', 'Female', NULL, NULL, NULL),
(139, 'Aminata Cissé', 'Female', NULL, NULL, NULL),
(140, 'Tunde Adeleke', 'Male', NULL, NULL, NULL),
(141, 'Brittany Price', 'Female', NULL, NULL, NULL),
(142, 'Ashley Garcia', 'Female', NULL, NULL, NULL),
(143, 'Hannah Washington', 'Female', NULL, NULL, NULL),
(144, 'Kwadwo Mensah', 'Male', NULL, NULL, NULL),
(145, 'Femi Adekunle', 'Male', NULL, NULL, NULL),
(146, 'Kevin Rivera', 'Male', NULL, NULL, NULL),
(147, 'Ava Martinez', 'Female', NULL, NULL, NULL),
(148, 'Adrian Green', 'Male', NULL, NULL, NULL),
(149, 'Russell Gonzalez', 'Male', NULL, NULL, NULL),
(150, 'Nancy Wright', 'Female', NULL, NULL, NULL),
(151, 'Brian Brooks', 'Male', NULL, NULL, NULL),
(152, 'Ronald Scott', 'Male', NULL, NULL, NULL),
(153, 'Kwasi Amoako', 'Male', NULL, NULL, NULL),
(154, 'Yaa Asante', 'Female', NULL, NULL, NULL),
(155, 'Jeremy Evans', 'Male', NULL, NULL, NULL),
(156, 'Adiza Sow', 'Female', NULL, NULL, NULL),
(157, 'Christine Young', 'Female', NULL, NULL, NULL),
(158, 'Scarlett Price', 'Female', NULL, NULL, NULL),
(159, 'Ryan Cox', 'Male', NULL, NULL, NULL),
(160, 'Timothy Bennett', 'Male', NULL, NULL, NULL),
(161, 'Brandon Green', 'Male', NULL, NULL, NULL),
(162, 'Miranda Allen', 'Female', NULL, NULL, NULL),
(163, 'Andrew Turner', 'Male', NULL, NULL, NULL),
(164, 'Melissa Bailey', 'Female', NULL, NULL, NULL),
(165, 'Cassandra Coleman', 'Female', NULL, NULL, NULL),
(166, 'John Jackson', 'Male', NULL, NULL, NULL),
(167, 'Alex Johnson', 'Male', NULL, NULL, NULL),
(168, 'Richard Martin', 'Male', NULL, NULL, NULL),
(169, 'Jacob Rivera', 'Male', NULL, NULL, NULL),
(170, 'Carter Richardson', 'Male', NULL, NULL, NULL),
(171, 'Nicholas Powell', 'Male', NULL, NULL, NULL),
(172, 'Adjoa Boateng', 'Female', NULL, NULL, NULL),
(173, 'Kwesi Anang', 'Male', NULL, NULL, NULL),
(174, 'Olivia Smith', 'Female', NULL, NULL, NULL),
(175, 'Robert Miller', 'Male', NULL, NULL, NULL),
(176, 'Willie Price', 'Male', NULL, NULL, NULL),
(177, 'Caitlin Cox', 'Female', NULL, NULL, NULL),
(178, 'Jumaane Diop', 'Male', NULL, NULL, NULL),
(179, 'Fanta Bah', 'Female', NULL, NULL, NULL),
(180, 'Juan Diaz', 'Male', NULL, NULL, NULL),
(181, 'Kwabena Osei', 'Male', NULL, NULL, NULL),
(182, 'Amina Azikiwe', 'Female', NULL, NULL, NULL),
(183, 'Brooklyn Sanchez', 'Female', NULL, NULL, NULL),
(184, 'Patricia Lopez', 'Female', NULL, NULL, NULL),
(185, 'Nicole King', 'Female', NULL, NULL, NULL),
(186, 'Kwesi Bonsu', 'Male', NULL, NULL, NULL),
(187, 'Margaret Scott', 'Female', NULL, NULL, NULL),
(188, 'Jesse Murphy', 'Male', NULL, NULL, NULL),
(189, 'Amy Jenkins', 'Female', NULL, NULL, NULL),
(190, 'Sarah Davis', 'Female', NULL, NULL, NULL),
(191, 'Fatoumata Camara', 'Female', NULL, NULL, NULL),
(192, 'Bintou Traoré', 'Female', NULL, NULL, NULL),
(193, 'Michael Phillips', 'Male', NULL, NULL, NULL),
(194, 'Caleb Ward', 'Male', NULL, NULL, NULL),
(195, 'George Cook', 'Male', NULL, NULL, NULL),
(196, 'Ngozi Onyeama', 'Female', NULL, NULL, NULL),
(197, 'Rebecca Rivera', 'Female', NULL, NULL, NULL),
(198, 'Christopher Gonzalez', 'Male', NULL, NULL, NULL),
(199, 'Julie Nelson', 'Female', NULL, NULL, NULL),
(200, 'Fanta Diallo', 'Female', NULL, NULL, NULL),
(201, 'Helen Russell', 'Female', NULL, NULL, NULL),
(202, 'Fatimah Mohammed', 'Female', NULL, NULL, NULL),
(203, 'Derek Nelson', 'Male', NULL, NULL, NULL),
(204, 'Harper King', 'Female', NULL, NULL, NULL),
(205, 'Daniel Green', 'Male', NULL, NULL, NULL),
(206, 'Michael Smith', 'Male', NULL, NULL, NULL),
(207, 'Amara Sankoh', 'Male', NULL, NULL, NULL),
(208, 'Bobby Howard', 'Male', NULL, NULL, NULL),
(209, 'William Perez', 'Male', NULL, NULL, NULL),
(210, 'Anthony Hill', 'Male', NULL, NULL, NULL),
(211, 'Sara Henderson', 'Female', NULL, NULL, NULL),
(212, 'Aria Cox', 'Female', NULL, NULL, NULL),
(213, 'Osei Mensah', 'Male', NULL, NULL, NULL),
(214, 'Omaru Sise', 'Male', NULL, NULL, NULL),
(215, 'Aisha Abubakar', 'Female', NULL, NULL, NULL),
(216, 'Oumar Camara', 'Male', NULL, NULL, NULL),
(217, 'Matthew Lee', 'Male', NULL, NULL, NULL),
(218, 'Christopher Stewart', 'Male', NULL, NULL, NULL),
(219, 'Taylor Turner', 'Female', NULL, NULL, NULL),
(220, 'Emma Williams', 'Female', NULL, NULL, NULL),
(221, 'Ashley Martinez', 'Female', NULL, NULL, NULL),
(222, 'Rebecca Carter', 'Female', NULL, NULL, NULL),
(223, 'Amaechi Okafor', 'Female', NULL, NULL, NULL),
(224, 'James Lee', 'Male', NULL, NULL, NULL),
(225, 'Thomas Young', 'Male', NULL, NULL, NULL),
(226, 'Alexis Scott', 'Female', NULL, NULL, NULL),
(227, 'Joshua Martinez', 'Male', NULL, NULL, NULL),
(228, 'Yaa Nkrumah', 'Female', NULL, NULL, NULL),
(229, 'Eli Baker', 'Male', NULL, NULL, NULL),
(230, 'Christian Wright', 'Male', NULL, NULL, NULL),
(231, 'Avery Murphy', 'Female', NULL, NULL, NULL),
(232, 'Michelle Campbell', 'Female', NULL, NULL, NULL),
(233, 'Fatou Camara', 'Female', NULL, NULL, NULL),
(234, 'Jamila Kamara', 'Female', NULL, NULL, NULL),
(235, 'Sadia Traoré', 'Female', NULL, NULL, NULL),
(236, 'Madison Foster', 'Female', NULL, NULL, NULL),
(237, 'Allison Ross', 'Female', NULL, NULL, NULL),
(238, 'Kristen Coleman', 'Female', NULL, NULL, NULL),
(239, 'Taylor Martinez', 'Female', NULL, NULL, NULL),
(240, 'Kimberly Rivera', 'Female', NULL, NULL, NULL),
(241, 'Daniel Lewis', 'Male', NULL, NULL, NULL),
(242, 'Heather Bailey', 'Female', NULL, NULL, NULL),
(243, 'James Wilson', 'Male', NULL, NULL, NULL),
(244, 'Matthew Anderson', 'Male', NULL, NULL, NULL),
(245, 'Martha Diaz', 'Female', NULL, NULL, NULL),
(246, 'Liam Jones', 'Male', NULL, NULL, NULL),
(247, 'Andrew Hernandez', 'Male', NULL, NULL, NULL),
(248, 'Jasmine Lopez', 'Female', NULL, NULL, NULL),
(249, 'Ryan Turner', 'Male', NULL, NULL, NULL),
(250, 'Samantha Barnes', 'Female', NULL, NULL, NULL),
(251, 'Chiamaka Adewale', 'Female', NULL, NULL, NULL),
(252, 'Kayla Russell', 'Female', NULL, NULL, NULL),
(253, 'Nneka Abubakar', 'Female', NULL, NULL, NULL),
(254, 'Melissa Hughes', 'Female', NULL, NULL, NULL),
(255, 'Lindsey Flores', 'Female', NULL, NULL, NULL),
(256, 'Jason Wood', 'Male', NULL, NULL, NULL),
(257, 'Zara Nkrumah', 'Female', NULL, NULL, NULL),
(258, 'Olivia Turner', 'Female', NULL, NULL, NULL),
(259, 'Ayanda Dlamini', 'Female', NULL, NULL, NULL),
(260, 'Abena Agyeman', 'Female', NULL, NULL, NULL),
(261, 'Carol Ward', 'Female', NULL, NULL, NULL),
(262, 'Maria Martinez', 'Female', NULL, NULL, NULL),
(263, 'Claire Taylor', 'Female', NULL, NULL, NULL),
(264, 'Jamila Abubakar', 'Female', NULL, NULL, NULL),
(265, 'Jessica Davis', 'Female', NULL, NULL, NULL),
(266, 'Wanda Parker', 'Female', NULL, NULL, NULL),
(267, 'David Jackson', 'Male', NULL, NULL, NULL),
(268, 'Wayne Carter', 'Male', NULL, NULL, NULL),
(269, 'Louis Rivera', 'Male', NULL, NULL, NULL),
(270, 'Cameron Cox', 'Male', NULL, NULL, NULL),
(271, 'Kofi Mensah', 'Male', NULL, NULL, NULL),
(272, 'Yemi Adegbola', 'Female', NULL, NULL, NULL),
(273, 'Oluwaseun Adeyemi', 'Male', NULL, NULL, NULL),
(274, 'Peter Ramirez', 'Male', NULL, NULL, NULL),
(275, 'Hunter Allen', 'Male', NULL, NULL, NULL),
(276, 'Fatoumata Diop', 'Female', NULL, NULL, NULL),
(277, 'Emilia Davis', 'Female', NULL, NULL, NULL),
(278, 'Babajide Adebayo', 'Male', NULL, NULL, NULL),
(279, 'Clarence Lee', 'Male', NULL, NULL, NULL),
(280, 'Jenna Ward', 'Female', NULL, NULL, NULL),
(281, 'Vanessa Foster', 'Female', NULL, NULL, NULL),
(282, 'Anna Hall', 'Female', NULL, NULL, NULL),
(283, 'Victoria Morris', 'Female', NULL, NULL, NULL),
(284, 'Robert Anderson', 'Male', NULL, NULL, NULL),
(285, 'Jennifer Thomas', 'Female', NULL, NULL, NULL),
(286, 'Emily Johnson', 'Female', NULL, NULL, NULL),
(287, 'Benjamin White', 'Male', NULL, NULL, NULL),
(288, 'James Harris', 'Male', NULL, NULL, NULL),
(289, 'Nadia Kamara', 'Female', NULL, NULL, NULL),
(290, 'Timothy Martinez', 'Male', NULL, NULL, NULL),
(291, 'Babajide Adewale', 'Male', NULL, NULL, NULL),
(292, 'Tariq Ndlovu', 'Male', NULL, NULL, NULL),
(293, 'Fatima Diallo', 'Female', NULL, NULL, NULL),
(294, 'Mason Taylor', 'Male', NULL, NULL, NULL),
(295, 'Joan Morris', 'Female', NULL, NULL, NULL),
(296, 'Nadia Diallo', 'Female', NULL, NULL, NULL),
(297, 'Lauren White', 'Female', NULL, NULL, NULL),
(298, 'Sandra Baker', 'Female', NULL, NULL, NULL),
(299, 'Laura Kelly', 'Female', NULL, NULL, NULL),
(300, 'Willard Patterson', 'Male', NULL, NULL, NULL),
(301, 'Christina Walker', 'Female', NULL, NULL, NULL),
(302, 'Philip Nelson', 'Male', NULL, NULL, NULL),
(303, 'Austin Richardson', 'Male', NULL, NULL, NULL),
(304, 'Christina Roberts', 'Female', NULL, NULL, NULL),
(305, 'Jessica Brown', 'Female', NULL, NULL, NULL),
(306, 'Zachary Hall', 'Male', NULL, NULL, NULL),
(307, 'Wendy Carter', 'Female', NULL, NULL, NULL),
(308, 'Mary Taylor', 'Female', NULL, NULL, NULL),
(309, 'Peter Hill', 'Male', NULL, NULL, NULL),
(310, 'Tiffany Hill', 'Female', NULL, NULL, NULL),
(311, 'Yaa Mohammed', 'Female', NULL, NULL, NULL),
(312, 'Cynthia Murphy', 'Female', NULL, NULL, NULL),
(313, 'Diane Coleman', 'Female', NULL, NULL, NULL),
(314, 'Babatunde Balogun', 'Male', NULL, NULL, NULL),
(315, 'Ashley Johnson', 'Female', NULL, NULL, NULL),
(316, 'Theresa Sanders', 'Female', NULL, NULL, NULL),
(317, 'Daniel Jones', 'Male', NULL, NULL, NULL),
(318, 'Justin Reed', 'Male', NULL, NULL, NULL),
(319, 'Carolyn Cooper', 'Female', NULL, NULL, NULL),
(320, 'Roy Collins', 'Male', NULL, NULL, NULL),
(321, 'Stephanie Turner', 'Female', NULL, NULL, NULL),
(322, 'Charlotte Gonzalez', 'Female', NULL, NULL, NULL),
(323, 'Jason Torres', 'Male', NULL, NULL, NULL),
(324, 'Janet Bryant', 'Female', NULL, NULL, NULL),
(325, 'Faith Coleman', 'Female', NULL, NULL, NULL),
(326, 'Stella Reed', 'Female', NULL, NULL, NULL),
(327, 'Sophia Davis', 'Female', NULL, NULL, NULL),
(328, 'Vincent Lopez', 'Male', NULL, NULL, NULL),
(329, 'Aminata Bello', 'Female', NULL, NULL, NULL),
(330, 'Marie Kelly', 'Female', NULL, NULL, NULL),
(331, 'Heather Martinez', 'Female', NULL, NULL, NULL),
(332, 'Barbara Thomas', 'Female', NULL, NULL, NULL),
(333, 'Grayson Perez', 'Male', NULL, NULL, NULL),
(334, 'Sarah Taylor', 'Female', NULL, NULL, NULL),
(335, 'Frank Morris', 'Male', NULL, NULL, NULL),
(336, 'Jennifer Martinez', 'Female', NULL, NULL, NULL),
(337, 'Amelia Lopez', 'Female', NULL, NULL, NULL),
(338, 'Emily Howard', 'Female', NULL, NULL, NULL),
(339, 'Justin Adams', 'Male', NULL, NULL, NULL),
(340, 'Harold Simmons', 'Male', NULL, NULL, NULL),
(341, 'Noah Brown', 'Male', NULL, NULL, NULL),
(342, 'Aaron King', 'Male', NULL, NULL, NULL),
(343, 'Juan Collins', 'Male', NULL, NULL, NULL),
(344, 'Akafo Jane', 'Female', NULL, NULL, NULL),
(345, 'Albert Bennett', 'Male', NULL, NULL, NULL),
(346, 'John Smith', 'Male', NULL, NULL, NULL),
(347, 'Benjamin Rivera', 'Male', NULL, NULL, NULL),
(348, 'David Williams', 'Male', NULL, NULL, NULL),
(349, 'Idris Bonsu', 'Male', NULL, NULL, NULL),
(350, 'Nathan Butler', 'Male', NULL, NULL, NULL),
(351, 'Adeola Adewale', 'Female', NULL, NULL, NULL),
(352, 'Katherine Foster', 'Female', NULL, NULL, NULL),
(353, 'Christine Long', 'Female', NULL, NULL, NULL),
(354, 'Gary Cooper', 'Male', NULL, NULL, NULL),
(355, 'Pamela Wright', 'Female', NULL, NULL, NULL),
(356, 'Jacob Sanchez', 'Male', NULL, NULL, NULL),
(357, 'Katelyn Flores', 'Female', NULL, NULL, NULL),
(358, 'Levi Sanchez', 'Male', NULL, NULL, NULL),
(359, 'Mamoudou Chukwu', 'Male', NULL, NULL, NULL),
(360, 'Shawn Taylor', 'Male', NULL, NULL, NULL),
(361, 'Doris Clark', 'Female', NULL, NULL, NULL),
(362, 'Michael Brown', 'Male', NULL, NULL, NULL),
(363, 'Henry Perry', 'Male', NULL, NULL, NULL),
(364, 'Joyce Foster', 'Female', NULL, NULL, NULL),
(365, 'Kemi Adeyemi', 'Female', NULL, NULL, NULL),
(366, 'Addison Coleman', 'Female', NULL, NULL, NULL),
(367, 'Paul Reed', 'Male', NULL, NULL, NULL),
(368, 'Aaron Coleman', 'Male', NULL, NULL, NULL),
(369, 'Jared Brooks', 'Male', NULL, NULL, NULL),
(370, 'Evelyn Watson', 'Female', NULL, NULL, NULL),
(371, 'Gregory Morris', 'Male', NULL, NULL, NULL),
(372, 'Jackson Torres', 'Male', NULL, NULL, NULL),
(373, 'Daniel Miller', 'Male', NULL, NULL, NULL),
(374, 'Megan Stewart', 'Female', NULL, NULL, NULL),
(375, 'Ellie Mitchell', 'Female', NULL, NULL, NULL),
(376, 'Linda Perez', 'Female', NULL, NULL, NULL),
(377, 'Megan Garcia', 'Female', NULL, NULL, NULL),
(378, 'Oliver Hernandez', 'Male', NULL, NULL, NULL),
(379, 'Kenneth Torres', 'Male', NULL, NULL, NULL),
(380, 'Logan Wright', 'Male', NULL, NULL, NULL),
(381, 'Rachel Rodriguez', 'Female', NULL, NULL, NULL),
(382, 'Sadie Baker', 'Female', NULL, NULL, NULL),
(383, 'Samantha Moore', 'Female', NULL, NULL, NULL),
(384, 'Dylan Murphy', 'Male', NULL, NULL, NULL),
(385, 'Isaiah Hughes', 'Male', NULL, NULL, NULL),
(386, 'Andrew Carter', 'Male', NULL, NULL, NULL),
(387, 'Robert Turner', 'Male', NULL, NULL, NULL),
(388, 'Jose Thompson', 'Male', NULL, NULL, NULL),
(389, 'Avery Adams', 'Female', NULL, NULL, NULL),
(390, 'Erica Wood', 'Female', NULL, NULL, NULL),
(391, 'Gabriel James', 'Male', NULL, NULL, NULL),
(392, 'Abigail Hill', 'Female', NULL, NULL, NULL),
(393, 'Arthur Powell', 'Male', NULL, NULL, NULL),
(394, 'Tyler Bennett', 'Male', NULL, NULL, NULL),
(395, 'Jeffrey Green', 'Male', NULL, NULL, NULL),
(396, 'Elizabeth Gonzalez', 'Female', NULL, NULL, NULL),
(397, 'Julia Bell', 'Female', NULL, NULL, NULL),
(398, 'Nathan Mitchell', 'Male', NULL, NULL, NULL),
(399, 'Ethan Wilson', 'Male', NULL, NULL, NULL),
(400, 'Josiah Adams', 'Male', NULL, NULL, NULL),
(401, 'Dylan Barnes', 'Male', NULL, NULL, NULL),
(402, 'Evelyn Scott', 'Female', NULL, NULL, NULL),
(403, 'Gloria Green', 'Female', NULL, NULL, NULL),
(404, 'Sofia Bailey', 'Female', NULL, NULL, NULL),
(405, 'Deborah Ross', 'Female', NULL, NULL, NULL),
(406, 'Lawrence Ward', 'Male', NULL, NULL, NULL),
(407, 'Morgan Torres', 'Female', NULL, NULL, NULL),
(408, 'Samuel Diaz', 'Male', NULL, NULL, NULL),
(409, 'Paul Evans', 'Male', NULL, NULL, NULL),
(410, 'Ronald Cox', 'Male', NULL, NULL, NULL),
(411, 'Bryan Hughes', 'Male', NULL, NULL, NULL),
(412, 'Isabella Miller', 'Female', NULL, NULL, NULL),
(413, 'Hannah White', 'Female', NULL, NULL, NULL),
(414, 'Elizabeth Hall', 'Female', NULL, NULL, NULL),
(415, 'Jacqueline Parker', 'Female', NULL, NULL, NULL),
(416, 'Nevaeh Nelson', 'Female', NULL, NULL, NULL),
(417, 'Scott Ward', 'Male', NULL, NULL, NULL),
(418, 'Kylie Lewis', 'Female', NULL, NULL, NULL),
(419, 'Alice Gonzales', 'Female', NULL, NULL, NULL),
(420, 'Angela Price', 'Female', NULL, NULL, NULL),
(421, 'Nabila Sow', 'Female', NULL, NULL, NULL),
(422, 'Dean Cook', 'Male', NULL, NULL, NULL),
(423, 'Kelly Ramirez', 'Female', NULL, NULL, NULL),
(424, 'Eugene Washington', 'Male', NULL, NULL, NULL),
(425, 'Lucas Anderson', 'Male', NULL, NULL, NULL);

-- --------------------------------------------------------

--
-- Structure de la table `commandes_fournisseur`
--

DROP TABLE IF EXISTS `commandes_fournisseur`;
CREATE TABLE IF NOT EXISTS `commandes_fournisseur` (
  `id_commande` int(11) NOT NULL AUTO_INCREMENT,
  `id_fournisseur` int(11) DEFAULT NULL,
  `date_commande` date DEFAULT NULL,
  `statut_commande` varchar(255) DEFAULT NULL,
  PRIMARY KEY (`id_commande`),
  KEY `id_fournisseur` (`id_fournisseur`)
) ENGINE=MyISAM DEFAULT CHARSET=latin1;

-- --------------------------------------------------------

--
-- Structure de la table `details_commande_fournisseur`
--

DROP TABLE IF EXISTS `details_commande_fournisseur`;
CREATE TABLE IF NOT EXISTS `details_commande_fournisseur` (
  `id_detail_commande` int(11) NOT NULL AUTO_INCREMENT,
  `id_commande` int(11) DEFAULT NULL,
  `id_produit` int(11) DEFAULT NULL,
  `quantite` int(11) DEFAULT NULL,
  `montant` float DEFAULT NULL,
  PRIMARY KEY (`id_detail_commande`),
  KEY `id_commande` (`id_commande`),
  KEY `id_produit` (`id_produit`)
) ENGINE=MyISAM DEFAULT CHARSET=latin1;

-- --------------------------------------------------------

--
-- Structure de la table `fournisseurs`
--

DROP TABLE IF EXISTS `fournisseurs`;
CREATE TABLE IF NOT EXISTS `fournisseurs` (
  `id_fournisseur` int(11) NOT NULL AUTO_INCREMENT,
  `nom_fournisseur` varchar(255) DEFAULT NULL,
  `adresse_fournisseur` varchar(255) DEFAULT NULL,
  `email_fournisseur` varchar(255) DEFAULT NULL,
  `telephone6_fournisseur` varchar(20) DEFAULT NULL,
  PRIMARY KEY (`id_fournisseur`),
  UNIQUE KEY `email_fournisseur` (`email_fournisseur`)
) ENGINE=MyISAM AUTO_INCREMENT=2 DEFAULT CHARSET=latin1;

--
-- Déchargement des données de la table `fournisseurs`
--

INSERT INTO `fournisseurs` (`id_fournisseur`, `nom_fournisseur`, `adresse_fournisseur`, `email_fournisseur`, `telephone6_fournisseur`) VALUES
(1, 'Allah amon aya noemie cyrielle', 'Cocody', 'allahnoemie43@gmail.com', '0704885686');

-- --------------------------------------------------------

--
-- Structure de la table `produits`
--

DROP TABLE IF EXISTS `produits`;
CREATE TABLE IF NOT EXISTS `produits` (
  `id_prod` int(11) NOT NULL AUTO_INCREMENT,
  `nom_prod` varchar(255) DEFAULT NULL,
  `id_type` int(11) DEFAULT NULL,
  `prix_unitaire` decimal(10,2) DEFAULT NULL,
  PRIMARY KEY (`id_prod`),
  KEY `id_type` (`id_type`)
) ENGINE=MyISAM AUTO_INCREMENT=327 DEFAULT CHARSET=latin1;

--
-- Déchargement des données de la table `produits`
--

INSERT INTO `produits` (`id_prod`, `nom_prod`, `id_type`, `prix_unitaire`) VALUES
(1, 'Saucisson à l\'anis', 1, '1400.00'),
(2, 'Pâté de lapin aux noix', 1, '1800.00'),
(3, 'Sachet de sel', 2, '500.00'),
(4, 'Terrine de faisan aux morilles', 1, '1700.00'),
(5, 'Baume après-rasage hydratant Nivea', 3, '700.00'),
(6, 'Baume à cuticules Sally Hansen', 4, '1000.00'),
(7, 'Sachet de thé Lipton', 5, '500.00'),
(8, 'Déodorant stick Narta', 6, '800.00'),
(9, 'Saucisse de Morteau', 1, '1600.00'),
(10, 'Soin hydratant intense pour le visage Nivea', 7, '2500.00'),
(11, 'Bouteille de Jack Daniel', 8, '5000.00'),
(12, 'Andouille', 1, '1600.00'),
(13, 'Paquet de riz complet', 9, '1500.00'),
(14, 'Déodorant spray fraîcheur instantanée Nivea', 6, '800.00'),
(15, 'Boîte de mouchoirs en papier Kleenex', 10, '1000.00'),
(16, 'Pâté de cerf', 1, '1800.00'),
(17, 'Démaquillant yeux waterproof Garnier', 11, '1200.00'),
(18, 'Sac de riz Basmati', 9, '4000.00'),
(19, 'Petite bouteille de Coca-Cola', 12, '500.00'),
(20, 'Soin anti-fatigue pour le visage Nivea', 7, '2500.00'),
(21, 'Coppa', 1, '1600.00'),
(22, 'Bouteille de shampoing Head & Shoulders', 10, '1500.00'),
(23, 'Saucisson à l\'ail', 1, '1300.00'),
(24, 'Terrine de perdreau', 1, '1700.00'),
(25, 'Crème de nuit régénérante L\'Oréal', 7, '1200.00'),
(26, 'Sérum hydratant Vichy', 7, '3000.00'),
(27, 'Déodorant Rexona', 6, '800.00'),
(28, 'Pâté de sanglier', 1, '1800.00'),
(29, 'Saucisson au genièvre', 1, '1400.00'),
(30, 'Sac de croquettes pour chien Pedigree', 13, '2000.00'),
(31, 'Bouteille de sauce soja', 2, '1000.00'),
(32, 'Gel coiffant effet mouillé Schwarzkopf', 14, '1500.00'),
(33, 'Sachet de sucre vanillé', 15, '500.00'),
(34, 'Dentifrice blanchissant Colgate', 16, '500.00'),
(35, 'Boudin noir', 1, '1500.00'),
(36, 'Paquet de chips Lay\'s', 17, '750.00'),
(37, 'Shampooing réparateur Elsève', 18, '1500.00'),
(38, 'Rillettes de poisson', 1, '1300.00'),
(39, 'Sachet de sucre Daddy', 15, '500.00'),
(40, 'Sachet de piment en poudre', 2, '500.00'),
(41, 'Gel douche exfoliant Nivea', 19, '1200.00'),
(42, 'Saucisse au poivre', 1, '1600.00'),
(43, 'Sachet de pâtes de curry rouge', 2, '750.00'),
(44, 'Crème anti-rides Nivea', 7, '2500.00'),
(45, 'Pâté de marcassin aux airelles', 1, '1800.00'),
(46, 'Rillettes de canard', 1, '1400.00'),
(47, 'Pâté de porc', 1, '1200.00'),
(48, 'Crème réparatrice pour les mains Neutrogena', 20, '1000.00'),
(49, 'Pain de savon Lux', 10, '500.00'),
(50, 'Terrine de faisan', 1, '1700.00'),
(51, 'Shampooing anti-chute Vichy', 18, '1800.00'),
(52, 'Sachet de feuilles de thé', 5, '500.00'),
(53, 'Dentifrice blancheur intense Colgate', 16, '500.00'),
(54, 'Gel douche nourrissant à l\'huile d\'amande Neutrogena', 19, '1200.00'),
(55, 'Sachet de graines de sésame', 2, '750.00'),
(56, 'Saucisson de Lyon', 1, '1400.00'),
(57, 'Saucisse de porc', 1, '1600.00'),
(58, 'Pot de crème hydratante Nivea', 10, '1500.00'),
(59, 'Soin contour des lèvres L\'Oréal', 21, '700.00'),
(60, 'Crème anti-âge L\'Oréal', 7, '2500.00'),
(61, 'Jambon de Montagne Noire', 1, '2000.00'),
(62, 'Saucisse sèche', 1, '1700.00'),
(63, 'Crème réparatrice pour les pieds Scholl', 22, '1500.00'),
(64, 'Baume nourrissant pour les mains L\'Occitane', 20, '1000.00'),
(65, 'Sachet de thé vert', 5, '500.00'),
(66, 'Gel nettoyant visage purifiant L\'Oréal', 7, '1800.00'),
(67, 'Terrine de chevreuil', 1, '1700.00'),
(68, 'Pâté de perdreau', 1, '1800.00'),
(69, 'Crème pour les pieds à l\'urée Scholl', 22, '1500.00'),
(70, 'Shampooing hydratant Timotei', 18, '1500.00'),
(71, 'Crème solaire peaux sensibles Avène', 23, '2000.00'),
(72, 'Sachet de poivre noir', 2, '500.00'),
(73, 'Paquet de biscuits Petit Beurre', 24, '1000.00'),
(74, 'Baume nourrissant pour les mains Nuxe', 20, '1000.00'),
(75, 'Mortadelle', 1, '1700.00'),
(76, 'Crème raffermissante pour le corps Garnier', 25, '2000.00'),
(77, 'Gel douche relaxant L\'Occitane', 19, '1200.00'),
(78, 'Terrine de pigeon', 1, '1700.00'),
(79, 'Crème solaire visage et corps biodégradable La Roche-Posay', 23, '2000.00'),
(80, 'Boîte de pâte de tomate', 2, '750.00'),
(81, 'Rillettes de thon au citron', 1, '1500.00'),
(82, 'Rillettes d\'oie', 1, '1500.00'),
(83, 'Lingettes démaquillantes biodégradables Nivea', 11, '800.00'),
(84, 'Jambon de la Forêt de Marly', 1, '2000.00'),
(85, 'Saucisse fumée', 1, '1400.00'),
(86, 'Bouteille de jus d\'orange Jafpp', 26, '1500.00'),
(87, 'Crème pour les mains Neutrogena', 20, '1000.00'),
(88, 'Lingettes démaquillantes Nivea', 11, '800.00'),
(89, 'Pâté de chevreuil', 1, '1800.00'),
(90, 'Paquet de biscuits au chocolat', 24, '1000.00'),
(91, 'Saucisson à l\'Espelette', 1, '1400.00'),
(92, 'Pâté de canard', 1, '1500.00'),
(93, 'Pot de confiture de fraises', 2, '1000.00'),
(94, 'Shampooing hydratant Pantene', 18, '1500.00'),
(95, 'Paquet de popcorn sucré', 17, '750.00'),
(96, 'Saucisson à la pistache', 1, '1800.00'),
(97, 'Sachet de grains de café arabica', 27, '1000.00'),
(98, 'Jambon cru', 1, '1700.00'),
(99, 'Dentifrice reminéralisant Elmex', 16, '500.00'),
(100, 'Saucisse de dinde', 1, '1600.00'),
(101, 'Dentifrice bio blanchissant Lavera', 16, '500.00'),
(102, 'Saucisson aux herbes', 1, '1400.00'),
(103, 'Bouteille de bière Guinness', 28, '1000.00'),
(104, 'Démaquillant yeux bi-phasé waterproof L\'Oréal', 11, '1200.00'),
(105, 'Lotion purifiante pour le visage Neutrogena', 7, '1200.00'),
(107, 'Gel douche hydratant à la grenade Neutrogena', 19, '1200.00'),
(108, 'Jambon de la Forêt Noire', 1, '2000.00'),
(109, 'Boîte de maïs en conserve', 2, '750.00'),
(110, 'Démaquillant bi-phasé waterproof Nivea', 11, '1200.00'),
(111, 'Lait hydratant pour le corps Johnson\'s', 25, '1000.00'),
(112, 'Terrine de sanglier', 1, '1700.00'),
(113, 'Lotion hydratante pour le visage Nivea', 7, '1200.00'),
(114, 'Jambon d\'Auvergne', 1, '2000.00'),
(115, 'Déodorant spray sans gaz propulseur Nivea', 6, '800.00'),
(116, 'Boîte de mouchoirs en papier Lotus', 10, '1000.00'),
(117, 'Terrine de canard', 1, '1700.00'),
(118, 'Pain de mie Jacques', 9, '750.00'),
(119, 'Jambon de Paris', 1, '1400.00'),
(120, 'Jambon de Parme', 1, '2000.00'),
(121, 'Crème apaisante après-soleil Nivea', 23, '2000.00'),
(122, 'Gel coiffant effet mat Axe', 14, '1500.00'),
(123, 'Dentifrice Signal', 16, '500.00'),
(124, 'Déodorant anti-transpirant Vichy', 6, '800.00'),
(125, 'Lingettes démaquillantes biodégradables à l\'huile d\'amande Neutrogena', 11, '800.00'),
(126, 'Gel nettoyant visage La Roche-Posay', 7, '1800.00'),
(127, 'Jambon de Vendée', 1, '1500.00'),
(128, 'Déodorant sans aluminium Nivea', 6, '800.00'),
(129, 'Gel douche Nivea', 19, '1200.00'),
(130, 'Terrine de faisan aux raisins', 1, '1700.00'),
(131, 'Saucisse de Toulouse', 1, '1600.00'),
(132, 'Crème de jour anti-rides Nivea', 7, '1200.00'),
(133, 'Paquet de chips Pringles', 17, '1000.00'),
(134, 'Rillettes de thon', 1, '1500.00'),
(135, 'Baume après-rasage sans alcool Nivea', 3, '700.00'),
(136, 'Paquet de café Nescafé', 27, '1500.00'),
(137, 'Déodorant roll-on sans alcool Nivea', 6, '800.00'),
(138, 'Rillettes de saumon', 1, '1500.00'),
(139, 'Dentifrice protection caries Sensodyne', 16, '500.00'),
(140, 'Jambon de l\'Ardèche', 1, '2000.00'),
(141, 'Lingettes démaquillantes apaisantes Nivea', 11, '800.00'),
(142, 'Paquet de biscottes', 24, '750.00'),
(143, 'Baume à lèvres Labello', 21, '700.00'),
(144, 'Pâté de marcassin', 1, '1900.00'),
(145, 'Lotion pour le corps Dove', 25, '1200.00'),
(146, 'Crème solaire enfant biodégradable Uriage', 23, '2000.00'),
(147, 'Bouteille de sauce tomate', 2, '500.00'),
(148, 'Soin liftant anti-âge L\'Oréal', 7, '2500.00'),
(149, 'Masque purifiant à l\'argile L\'Oréal', 7, '1800.00'),
(150, 'Crème solaire Nivea', 23, '2000.00'),
(151, 'Crème réparatrice Cicabiafine', 25, '1500.00'),
(152, 'Sachet de popcorn', 17, '500.00'),
(153, 'Chorizo', 1, '2000.00'),
(154, 'Saucisse de Strasbourg', 1, '1600.00'),
(155, 'Boîte de conserve de thon Petit Navire', 29, '1000.00'),
(156, 'Paquet de cacahuètes', 17, '750.00'),
(157, 'Pot de yaourt Danone', 30, '750.00'),
(158, 'Crème de nuit nourrissante Nivea', 7, '1200.00'),
(159, 'Barre de chocolat Milka', 31, '750.00'),
(160, 'Pâté de foie', 1, '1100.00'),
(161, 'Démaquillant bi-phasé Maybelline', 11, '1200.00'),
(162, 'Gel douche exfoliant au sel marin Neutrogena', 19, '1200.00'),
(163, 'Dentifrice blancheur Oral-B', 16, '500.00'),
(164, 'Spray corporel Axe', 25, '800.00'),
(165, 'Terrine de campagne', 1, '1900.00'),
(166, 'Rillettes de volaille', 1, '1500.00'),
(167, 'Bouteille de vin rouge Merlot', 32, '2500.00'),
(168, 'Rillettes de lapin', 1, '1300.00'),
(169, 'Dentifrice bio Logodent', 16, '500.00'),
(170, 'Rillettes de dinde', 1, '1300.00'),
(171, 'Crème de jour hydratante Nivea', 7, '1200.00'),
(172, 'Sachet de thé à la menthe', 5, '500.00'),
(173, 'Sachet de sucre roux', 15, '500.00'),
(174, 'Soin hydratant matifiant Vichy', 7, '2500.00'),
(175, 'Saucisson aux noisettes', 1, '1400.00'),
(176, 'Démaquillant pour les yeux bi-phasé Nivea', 11, '1200.00'),
(177, 'Crème pour les pieds Scholl', 22, '1500.00'),
(178, 'Lingettes démaquillantes réutilisables Garnier', 11, '800.00'),
(179, 'Jambon des Ardennes', 1, '2000.00'),
(180, 'Sachet de sel iodé', 2, '500.00'),
(181, 'Baume après-rasage Gillette', 3, '700.00'),
(182, 'Paquet de lentilles', 9, '750.00'),
(183, 'Pot de moutarde', 2, '500.00'),
(184, 'Tube de dentifrice Colgate', 10, '750.00'),
(185, 'Crème de jour anti-taches Nivea', 7, '1200.00'),
(186, 'Sac de farine de blé', 9, '1500.00'),
(187, 'Déodorant bille fraîcheur Nivea', 6, '800.00'),
(188, 'Gel coiffant effet brillant Schwarzkopf', 14, '1500.00'),
(189, 'Sachet de levure chimique', 2, '500.00'),
(190, 'Lotion tonique purifiante Neutrogena', 7, '1200.00'),
(191, 'Pot de miel', 2, '1000.00'),
(192, 'Shampooing anti-pelliculaire Head & Shoulders', 18, '1500.00'),
(193, 'Soin anti-rides contour des yeux L\'Oréal', 7, '2500.00'),
(194, 'Lotion tonique Nivea', 7, '1200.00'),
(195, 'Terrine de marcassin', 1, '1700.00'),
(196, 'Paquet de biscuits Oreo', 24, '1000.00'),
(197, 'Paquet de chips Tortilla', 17, '1000.00'),
(198, 'Saucisson à la figue', 1, '1600.00'),
(199, 'Saucisse de Montbéliard', 1, '1900.00'),
(200, 'Gel coiffant L\'Oréal', 14, '1500.00'),
(201, 'Paquet de pâtes Barilla', 9, '1000.00'),
(202, 'Saucisson à la mirabelle', 1, '1400.00'),
(203, 'Jambon de Luxeuil', 1, '2000.00'),
(204, 'Sachet de poudre de curry', 2, '500.00'),
(205, 'Gel nettoyant visage doux Nivea', 7, '1800.00'),
(206, 'Pâté de marcassin aux champignons', 1, '1800.00'),
(207, 'Rillettes de truite', 1, '1500.00'),
(208, 'Boîte de céréales pour petit déjeuner', 9, '1500.00'),
(209, 'Démaquillant pour les yeux Nivea', 11, '1200.00'),
(210, 'Crème hydratante Nivea', 25, '1000.00'),
(211, 'Lingettes rafraîchissantes pour le visage Nivea', 11, '800.00'),
(212, 'Crème anti-cellulite Garnier', 25, '2000.00'),
(213, 'Sachet de riz Mama Africa', 9, '2000.00'),
(214, 'Terrine de biche', 1, '1700.00'),
(215, 'Lotion tonique adoucissante Garnier', 7, '1200.00'),
(216, 'Boîte de thé matcha', 5, '1500.00'),
(217, 'Pot de mayonnaise Amora', 2, '1000.00'),
(218, 'Saucisse de volaille', 1, '1600.00'),
(219, 'Boudin blanc', 1, '1400.00'),
(220, 'Boîte de haricots verts en conserve', 2, '750.00'),
(221, 'Lotion anti-âge pour le visage L\'Oréal', 7, '1200.00'),
(222, 'Jambon de la Dombes', 1, '2000.00'),
(223, 'Baume pour les lèvres Carmex', 21, '700.00'),
(224, 'Pot de sauce barbecue', 2, '1000.00'),
(225, 'Rillettes de canard au poivre vert', 1, '1500.00'),
(226, 'Shampooing volumateur Timotei', 18, '1500.00'),
(227, 'Jambon de Bayonne', 1, '1900.00'),
(228, 'Pâté de lapin aux herbes de Provence', 1, '1800.00'),
(229, 'Masque capillaire Garnier', 18, '1800.00'),
(230, 'Shampooing volumisant Schwarzkopf', 18, '1800.00'),
(231, 'Terrine de lapin', 1, '1600.00'),
(232, 'Sachet de graines de chia', 2, '1000.00'),
(233, 'Sachet de chips au fromage', 17, '1000.00'),
(234, 'Paquet de couches Pampers', 10, '2500.00'),
(235, 'Rillettes de thon à la coriandre', 1, '1500.00'),
(236, 'Saucisson à l\'Armagnac', 1, '1400.00'),
(237, 'Shampooing doux sans sulfates Timotei', 18, '1500.00'),
(238, 'Baume réparateur pour les mains Biafine', 20, '1000.00'),
(239, 'Bouteille d\'huile Aya', 33, '3750.00'),
(240, 'Saucisse de Lyon', 1, '1600.00'),
(241, 'Baume réparateur pour les lèvres Bepanthen', 21, '700.00'),
(242, 'Sachet de paprika', 2, '500.00'),
(243, 'Pâté de volaille', 1, '1200.00'),
(244, 'Pot de crème dessert Danette', 34, '1000.00'),
(245, 'Jambon du Bourbonnais', 1, '2000.00'),
(246, 'Rillettes de thon à l\'huile d\'olive', 1, '1500.00'),
(247, 'Pot de crème glacée Carte d\'Or', 35, '2000.00'),
(248, 'Lingettes démaquillantes à l\'eau micellaire Garnier', 11, '800.00'),
(249, 'Gel douche hydratant Dove', 19, '1200.00'),
(250, 'Pâté en croûte', 1, '1800.00'),
(251, 'Soin liftant contour des yeux L\'Oréal', 7, '2500.00'),
(252, 'Pâté de lapin aux noisettes', 1, '1800.00'),
(253, 'Saucisse de canard fumée', 1, '1600.00'),
(254, 'Paquet de spaghetti', 9, '750.00'),
(255, 'Pâté de lapin', 1, '1300.00'),
(256, 'Pâté de campagne', 1, '1200.00'),
(257, 'Dentifrice protection gencives Parodontax', 16, '500.00'),
(258, 'Boîte de mouchoirs en papier Tempo', 10, '750.00'),
(259, 'Sac de pommes de terre', 36, '1000.00'),
(260, 'Baume hydratant pour les mains Mixa', 20, '1000.00'),
(261, 'Saucisson à la truffe', 1, '1400.00'),
(262, 'Gel douche nourrissant Dove', 19, '1200.00'),
(263, 'Rillettes de porc', 1, '1300.00'),
(264, 'Rillettes de veau', 1, '1500.00'),
(265, 'Gel nettoyant visage purifiant Neutrogena', 7, '1800.00'),
(266, 'Terrine de gibier', 1, '1500.00'),
(268, 'Saucisson sec', 1, '1500.00'),
(269, 'Shampooing réparateur L\'Oréal', 18, '1500.00'),
(270, 'Pâté de pigeon', 1, '1800.00'),
(271, 'Démaquillant Garnier', 11, '1200.00'),
(272, 'Savon exfoliant Neutrogena', 19, '1000.00'),
(273, 'Pâté de faisan', 1, '1800.00'),
(274, 'Poulet entier fermier', 37, '3000.00'),
(275, 'Bouteille de vinaigre blanc', 2, '750.00'),
(276, 'Jambon de Normandie', 1, '2000.00'),
(277, 'Bouteille de lait frais Lactel', 38, '1000.00'),
(278, 'Jambon de Savoie', 1, '2000.00'),
(279, 'Sac de croquettes pour chat Whiskas', 13, '1500.00'),
(280, 'Crème solaire enfants Uriage', 23, '2000.00'),
(281, 'Saucisse de canard', 1, '1600.00'),
(282, 'Saucisse de foie', 1, '1800.00'),
(283, 'Lotion anti-rougeurs pour le visage Avène', 7, '1200.00'),
(284, 'Jambon fumé', 1, '1400.00'),
(285, 'Bouteille de sirop de grenadine', 12, '750.00'),
(286, 'Rosette', 1, '1800.00'),
(287, 'Rillettes de thon au piment d\'Espelette', 1, '1500.00'),
(288, 'Boîte de kleenex', 10, '1000.00'),
(289, 'Bouteille d\'eau minérale Cristaline', 39, '500.00'),
(290, 'Pot de pâte à tartiner Nutella', 15, '2000.00'),
(291, 'Paquet de riz long grain', 9, '1000.00'),
(292, 'Pâté de lièvre', 1, '1800.00'),
(293, 'Saucisse de veau', 1, '1600.00'),
(294, 'Terrine de pintade', 1, '1600.00'),
(295, 'Bouteille de jus de pomme', 26, '1500.00'),
(296, 'Sachet de mélange d\'épices pour tajine', 2, '750.00'),
(297, 'Jambon de la Vallée d\'Aoste', 1, '2000.00'),
(298, 'Lotion apaisante après-rasage Nivea', 3, '700.00'),
(299, 'Shampooing fortifiant L\'Oréal', 18, '1800.00'),
(300, 'Lotion purifiante pour le visage L\'Oréal', 7, '1200.00'),
(301, 'Soin anti-âge global pour le visage L\'Oréal', 7, '2500.00'),
(302, 'Sachet de lessive Skip', 10, '750.00'),
(303, 'Shampooing anti-pelliculaire Vichy', 18, '1500.00'),
(304, 'Sachet de lait en poudre Nido', 38, '1500.00'),
(305, 'Rillettes de thon au basilic', 1, '1500.00'),
(306, 'Saucisson à la noisette', 1, '1700.00'),
(307, 'Jambon blanc', 1, '1000.00'),
(308, 'Terrine de lapin aux pruneaux', 1, '1700.00'),
(309, 'Pâté de lapin aux pistaches', 1, '1800.00'),
(310, 'Spray corporel rafraîchissant Axe', 25, '800.00'),
(311, 'Paquet de muesli', 9, '1000.00'),
(312, 'Pot de confiture Bonne Maman', 2, '1500.00'),
(313, 'Saucisson à la coriandre', 1, '1400.00'),
(314, 'Crème de jour hydratante et protectrice Nivea', 7, '1200.00'),
(315, 'Crème solaire visage La Roche-Posay', 23, '2000.00'),
(316, 'Boîte de céréales Kellogg\'s', 40, '1500.00'),
(317, 'Gel douche relaxant à la lavande L\'Occitane', 19, '1200.00'),
(318, 'Saucisse de Francfort', 1, '1000.00'),
(319, 'Démaquillant waterproof Maybelline', 11, '1200.00'),
(320, 'Sachet de thé rooibos', 5, '500.00'),
(321, 'Lotion anti-imperfections Garnier', 7, '1200.00'),
(322, 'Déodorant bille sans parfum Vichy', 6, '800.00'),
(323, 'Soin contour des yeux L\'Oréal', 7, '2500.00'),
(324, 'Saucisson au roquefort', 1, '1400.00');

-- --------------------------------------------------------

--
-- Structure de la table `roles`
--

DROP TABLE IF EXISTS `roles`;
CREATE TABLE IF NOT EXISTS `roles` (
  `id_role` int(11) NOT NULL AUTO_INCREMENT,
  `statut` varchar(255) DEFAULT NULL,
  PRIMARY KEY (`id_role`)
) ENGINE=MyISAM AUTO_INCREMENT=4 DEFAULT CHARSET=latin1;

--
-- Déchargement des données de la table `roles`
--

INSERT INTO `roles` (`id_role`, `statut`) VALUES
(1, 'vendeur'),
(2, 'gestionnaire'),
(3, 'admin');

-- --------------------------------------------------------

--
-- Structure de la table `stock`
--

DROP TABLE IF EXISTS `stock`;
CREATE TABLE IF NOT EXISTS `stock` (
  `id_stock` int(11) NOT NULL AUTO_INCREMENT,
  `id_prod` int(11) DEFAULT NULL,
  `quantite` varchar(255) DEFAULT NULL,
  `datemaj` datetime DEFAULT NULL,
  PRIMARY KEY (`id_stock`),
  KEY `id_prod` (`id_prod`)
) ENGINE=MyISAM AUTO_INCREMENT=8 DEFAULT CHARSET=latin1;

--
-- Déchargement des données de la table `stock`
--

INSERT INTO `stock` (`id_stock`, `id_prod`, `quantite`, `datemaj`) VALUES
(3, 68, '8', '2024-05-06 23:38:00'),
(4, 14, '8', '2024-05-07 00:15:00'),
(5, 53, '10', '2024-05-07 00:15:00'),
(6, 144, '6', '2024-05-07 00:16:00'),
(7, 13, '5', '2024-05-07 00:16:00');

-- --------------------------------------------------------

--
-- Structure de la table `typeproduits`
--

DROP TABLE IF EXISTS `typeproduits`;
CREATE TABLE IF NOT EXISTS `typeproduits` (
  `id_type` int(11) NOT NULL AUTO_INCREMENT,
  `categorie_prod` varchar(255) DEFAULT NULL,
  PRIMARY KEY (`id_type`)
) ENGINE=MyISAM AUTO_INCREMENT=43 DEFAULT CHARSET=latin1;

--
-- Déchargement des données de la table `typeproduits`
--

INSERT INTO `typeproduits` (`id_type`, `categorie_prod`) VALUES
(1, 'Charcuterie'),
(2, 'Condiment'),
(3, 'Produits de rasage'),
(4, 'Produits de soin pour les ongles'),
(5, 'Thé'),
(6, 'Produits d\'hygiène'),
(7, 'Produits de soin pour le visage'),
(8, 'Liqueur'),
(9, 'Alimentation'),
(10, 'Hygiène'),
(11, 'Produits de démaquillage'),
(12, 'Boisson'),
(13, 'Animaux'),
(14, 'Produits de coiffure'),
(15, 'Sucrerie'),
(16, 'Produits d\'hygiène dentaire'),
(17, 'Snack'),
(18, 'Produits de soin capillaire'),
(19, 'Produits de douche'),
(20, 'Produits de soin pour les mains'),
(21, 'Produits de soin des lèvres'),
(22, 'Produits de soin pour les pieds'),
(23, 'Produits de protection solaire'),
(24, 'Biscuits'),
(25, 'Produits de soin pour le corps'),
(26, 'Jus'),
(27, 'Café'),
(28, 'Bière'),
(29, 'Poisson'),
(30, 'Produits laitiers'),
(31, 'Chocolat'),
(32, 'Vin'),
(33, 'Huile'),
(34, 'Dessert'),
(35, 'Glaces'),
(36, 'Légumes'),
(37, 'Viande'),
(38, 'Lait'),
(39, 'Eau'),
(40, 'Céréales');

-- --------------------------------------------------------

--
-- Structure de la table `utilisateurs`
--

DROP TABLE IF EXISTS `utilisateurs`;
CREATE TABLE IF NOT EXISTS `utilisateurs` (
  `id_utilisateur` int(11) NOT NULL AUTO_INCREMENT,
  `nom_prenom` varchar(255) DEFAULT NULL,
  `genre` varchar(10) DEFAULT NULL,
  `email` varchar(255) DEFAULT NULL,
  `mot_de_passe` varchar(255) DEFAULT NULL,
  `id_role` int(11) DEFAULT NULL,
  PRIMARY KEY (`id_utilisateur`),
  KEY `id_role` (`id_role`)
) ENGINE=MyISAM AUTO_INCREMENT=12 DEFAULT CHARSET=latin1;

--
-- Déchargement des données de la table `utilisateurs`
--

INSERT INTO `utilisateurs` (`id_utilisateur`, `nom_prenom`, `genre`, `email`, `mot_de_passe`, `id_role`) VALUES
(1, 'John Doe', 'M', 'john@example.com', 'mot_de_passe_1', 1),
(2, 'Jane Smith', 'F', 'jane@example.com', 'mot_de_passe_2', 1),
(3, 'Alice Johnson', 'F', 'alice@example.com', 'mot_de_passe_3', 3),
(4, 'paul AKA', 'homme', 'paul@gmail.com', '$2b$12$eCfDTr2hQOAZRDkboR/0iu4uXh6j6mnvbVCoMPQF9UUlt5T8WnUnC', 3),
(5, 'Razack ABDOUL', 'homme', 'abdoul@gmail.com', '$2b$12$tRoohXpEzhuYdzhMJDGnO.hnu39jrXfOKJVrOdZ766Fu9g4uN12RK', 3),
(6, 'annycette KOUAKOU', 'femme', 'any@gmailcom', '$2b$12$c2vBWEtx9PxQlU1FMvNg.eq5xdJtYj6HC0imOUOBKnaDoVGc/s9L.', 2),
(7, 'YESSUFU Muhamed', 'homme', 'momo@gmail.om', '$2b$12$Th6bR1CXlJOiSWNAAosfUuqaSeKuCTgsTGNo.umKF.h3hpxoccxom', 1),
(8, 'SANOGO Mohamed', 'femme', 'SANOGOMohamed@gmail.com', 'R|;9&qq>', 2),
(9, 'wilfried ZAHUI', 'homme', 'wilza@gmail.com', '#ioi#:`7', 2);

-- --------------------------------------------------------

--
-- Structure de la table `ventes`
--

DROP TABLE IF EXISTS `ventes`;
CREATE TABLE IF NOT EXISTS `ventes` (
  `id_vente` int(11) NOT NULL AUTO_INCREMENT,
  `id_type` int(11) DEFAULT NULL,
  `id_prod` int(11) DEFAULT NULL,
  `id_utilisateur` int(11) DEFAULT NULL,
  `date_vente` datetime DEFAULT NULL,
  `quantite` int(11) NOT NULL,
  `montant` decimal(10,2) DEFAULT NULL,
  PRIMARY KEY (`id_vente`),
  KEY `id_type` (`id_type`),
  KEY `id_prod` (`id_prod`),
  KEY `id_utilisateur` (`id_utilisateur`)
) ENGINE=MyISAM AUTO_INCREMENT=17 DEFAULT CHARSET=latin1;

--
-- Déchargement des données de la table `ventes`
--

INSERT INTO `ventes` (`id_vente`, `id_type`, `id_prod`, `id_utilisateur`, `date_vente`, `quantite`, `montant`) VALUES
(16, 1, 68, 7, '2024-05-07 07:54:00', 2, '3600.00'),
(5, 13, 34, 1, '2024-05-07 00:53:00', 5, '2500.00'),
(6, 13, 34, 1, '2024-05-07 00:53:00', 5, '2500.00'),
(7, 13, 34, 1, '2024-05-07 00:53:00', 5, '2500.00'),
(8, 13, 34, 1, '2024-05-07 00:53:00', 5, '2500.00'),
(9, 13, 53, 1, '2024-05-07 01:41:00', 5, '2500.00'),
(10, 13, 53, 1, '2024-05-07 01:41:00', 5, '2500.00'),
(11, 2, 3, NULL, '2024-05-07 07:30:00', 23, '11500.00'),
(12, 2, 3, NULL, '2024-05-07 07:30:00', 23, '11500.00'),
(13, 2, 3, NULL, '2024-05-07 07:30:00', 23, '11500.00'),
(14, 1, 144, NULL, '2024-05-07 07:30:00', 2, '3800.00'),
(15, 1, 144, NULL, '2024-05-07 07:30:00', 2, '3800.00');
COMMIT;

/*!40101 SET CHARACTER_SET_CLIENT=@OLD_CHARACTER_SET_CLIENT */;
/*!40101 SET CHARACTER_SET_RESULTS=@OLD_CHARACTER_SET_RESULTS */;
/*!40101 SET COLLATION_CONNECTION=@OLD_COLLATION_CONNECTION */;
